id;title;description;location;job_type;contact_email
1;Armenia Optimization;for hacking maximize;deposit;FULL_TIME;Investor Drive
2;up;online;implement Berkshire;PART_TIME;applications
3;Plastic Down-sized ADP;Ergonomic;Buckinghamshire;PART_TIME;contingency Borders enterprise
4;Keyboard solution;Cambridgeshire Borders Avon;application help-desk;INTERNSHIP;Integration structure Intelligent
5;Cambridgeshire Markets content-based;violet Balboa;e-services violet;INTERNSHIP;Cotton
6;input Savings Togo;Cyprus;Rand;INTERNSHIP;microchip Producer national
7;RAM;B2C CSS homogeneous;Decentralized;TEMPORARY;Web Books
8;orange;Horizontal Toys;Chair FTP content;TEMPORARY;magenta Fantastic
9;transmitter;attitude bricks-and-clicks Credit;Market monetize ivory;INTERNSHIP;methodology online Checking
10;Cotton;grow compressing bypassing;web-enabled non-volatile;FULL_TIME;SMS
